"calendarDate","Pregnancy","NonUser","ModernMethod","Traditional","meanModern_W","meanAge_W","meanEverMarried_W","meanHadChild_W","yearSurv","surv"
1261,1194,5664,203,24,0.0335432744053782,28.8410899448689,0.855710838182367,0.820397853785847,2011,"SNIR61FL"
1262,1057,5788,221,33,0.0367759265840205,28.8337661192366,0.857258534402935,0.819784298720637,2011,"SNIR61FL"
1263,1066,5788,255,34,0.0405588475828285,28.774313515655,0.856154024270273,0.818784408886715,2011,"SNIR61FL"
1264,1072,5811,273,34,0.0435374380904616,28.7116470917888,0.855864259058268,0.81813219944902,2011,"SNIR61FL"
1265,1215,5725,264,37,0.0429943331613007,28.6653616944668,0.857626274533128,0.815980814714141,2011,"SNIR61FL"
1266,1227,5751,263,40,0.043049739591745,28.6201961269352,0.857740244331884,0.813108569953209,2011,"SNIR61FL"
1267,1265,5746,263,40,0.0424132615485183,28.569358263464,0.856749814781205,0.811100183592262,2011,"SNIR61FL"
1268,1316,5734,265,42,0.0425557292491973,28.5260187375529,0.857020629539241,0.809462645487102,2011,"SNIR61FL"
1269,1299,5796,267,42,0.0417369981857077,28.5200758364699,0.856212357095082,0.808322064708533,2011,"SNIR61FL"
1270,1286,5845,266,44,0.0415516280791432,28.4975320703779,0.857047097424154,0.808867293982248,2011,"SNIR61FL"
1271,1263,5901,276,45,0.043008613023565,28.504396341647,0.859147075196623,0.811400555186114,2011,"SNIR61FL"
1272,1269,5932,273,46,0.042943208314016,28.5179593384236,0.862734761417503,0.811733062612926,2011,"SNIR61FL"
1273,1311,5909,284,49,0.0458650323881249,28.5186990274772,0.863716052110315,0.814046126729256,2011,"SNIR61FL"
1274,1203,6025,300,47,0.04546489213611,28.5287640251138,0.862720919226226,0.812439290184619,2011,"SNIR61FL"
1275,1209,6048,308,47,0.0475701878569436,28.5104184739558,0.862771067147206,0.811262176551983,2011,"SNIR61FL"
1276,1196,6072,319,45,0.0493685595540344,28.5273808801989,0.864508574148677,0.811145311743811,2011,"SNIR61FL"
1277,1307,5975,320,45,0.0524978780279222,28.5585585706335,0.865488399259211,0.810979772806501,2011,"SNIR61FL"
1278,1344,5953,331,45,0.0535286847500552,28.5734245602332,0.866211191031931,0.810043117566394,2011,"SNIR61FL"
1279,1385,5925,331,44,0.0529875965707439,28.6057889913714,0.867546054244153,0.810563346211905,2011,"SNIR61FL"
1280,1416,5918,332,45,0.0516793275516817,28.6094907286614,0.867869880380582,0.810224618518828,2011,"SNIR61FL"
1281,1399,5957,339,44,0.0522367747341282,28.617713599779,0.867633396550193,0.811664767060804,2011,"SNIR61FL"
1282,1331,6039,346,45,0.053428715126274,28.6562576813521,0.869002884853574,0.815027699008869,2011,"SNIR61FL"
1283,1308,6077,348,45,0.0534791177570609,28.6741074195218,0.869390614924242,0.815853409176598,2011,"SNIR61FL"
1284,1336,6065,352,44,0.0539855812190506,28.6974385014494,0.871517333087629,0.815251799705279,2011,"SNIR61FL"
1285,622,3028,176,23,0.0622569847057376,28.4901637980609,0.872684026754443,0.817019911350686,2013,"SNIR6DFL"
1285,1396,5992,376,42,0.0573485360473173,28.7112169648697,0.871236123440281,0.816592989895704,2011,"SNIR61FL"
1286,686,2977,181,23,0.0615233571506003,28.509041956716,0.874406282473098,0.815859606670216,2013,"SNIR6DFL"
1286,1326,6072,387,44,0.0594874802571068,28.7245889542397,0.87307097419459,0.818993745798719,2011,"SNIR61FL"
1287,720,2954,183,22,0.0622290921820148,28.4854159855561,0.873502749683793,0.814015067998653,2013,"SNIR6DFL"
1287,1348,6072,388,45,0.0597299576102649,28.7402045955477,0.875467744077836,0.820327444950628,2011,"SNIR61FL"
1288,728,2945,193,26,0.06494582201013,28.4767696317591,0.872598239400057,0.811269448862091,2013,"SNIR6DFL"
1288,1365,6079,393,46,0.0606703405114725,28.7535003640947,0.876307703752938,0.819999929195322,2011,"SNIR61FL"
1289,750,2921,201,26,0.067503050950819,28.402352101765,0.868525561402564,0.809109352870139,2013,"SNIR6DFL"
1289,1454,5994,401,47,0.0609581085453466,28.7761826612091,0.876934650002068,0.821523952569096,2011,"SNIR61FL"
1290,761,2934,194,26,0.0651971737232133,28.3815313412768,0.871436531244601,0.809983074846864,2013,"SNIR6DFL"
1290,1494,5964,407,47,0.0618711604467921,28.7970776839834,0.877538092060878,0.820855218711332,2011,"SNIR61FL"
1291,776,2926,201,28,0.0665869271387437,28.3441809190489,0.872592864809323,0.809117418721865,2013,"SNIR6DFL"
1291,1543,5937,404,48,0.0618876950058012,28.8204631924263,0.879232098140904,0.821436856365517,2011,"SNIR61FL"
1292,767,2954,206,27,0.0684730524344681,28.3006221266997,0.87509370554184,0.807752394476203,2013,"SNIR6DFL"
1292,1593,5914,417,46,0.0631168594040699,28.8571921314663,0.882443230621274,0.821933586005114,2011,"SNIR61FL"
1293,785,2962,210,26,0.0685542262557933,28.2580479404272,0.872167473883237,0.805961511891029,2013,"SNIR6DFL"
1293,1563,5961,417,49,0.0633704860336394,28.9036542819348,0.884889598759471,0.823682662600445,2011,"SNIR61FL"
1294,768,2993,214,27,0.0710173061830469,28.245370631162,0.870722564609389,0.808339071012404,2013,"SNIR6DFL"
1294,1495,6040,421,51,0.0641021530182391,28.9401296341175,0.884209885394689,0.826098493885628,2011,"SNIR61FL"
1295,705,3080,213,28,0.0697500719709482,28.1930644273377,0.872547696570157,0.807913096588079,2013,"SNIR6DFL"
1295,1431,6088,444,51,0.0668969907248251,28.9685213210596,0.885908121036205,0.827791380290416,2011,"SNIR61FL"
1296,704,3085,224,30,0.0718922972810199,28.2129377346402,0.87335882565159,0.808036722541646,2013,"SNIR6DFL"
1296,1421,6113,452,53,0.0682253044544605,29.0013812952796,0.890534533469235,0.830790276539738,2011,"SNIR61FL"
1297,736,3061,229,26,0.0749635507377446,28.2158167685746,0.87402653347964,0.808237924736328,2013,"SNIR6DFL"
1297,1438,6120,462,53,0.070103511974238,29.0070202034214,0.891330895990184,0.834784343471922,2011,"SNIR61FL"
1298,773,3028,235,27,0.0774456061649073,28.1979718519172,0.873263680792206,0.80878283964029,2013,"SNIR6DFL"
1298,1411,6174,472,53,0.0722356288180571,29.009096699515,0.891714561576638,0.835814457015519,2011,"SNIR61FL"
1299,792,3013,245,27,0.0796386190223868,28.2258539032871,0.875682166714796,0.811477956926964,2013,"SNIR6DFL"
1299,1418,6178,482,52,0.0738511016626,28.9864889242093,0.89175401584474,0.83448035167809,2011,"SNIR61FL"
1300,790,3020,246,27,0.0802564313781487,28.2377664061143,0.876089660665311,0.813992907665424,2013,"SNIR6DFL"
1300,1431,6197,477,52,0.0716910851616993,28.9953035097175,0.893393712697318,0.835166179054385,2011,"SNIR61FL"
1301,814,2997,244,28,0.0798946812130268,28.2503866927004,0.876340434251291,0.814769142332978,2013,"SNIR6DFL"
1301,1482,6184,472,54,0.0709222476451035,28.9944991571787,0.895431965561249,0.835980043206619,2011,"SNIR61FL"
1302,828,2983,253,32,0.0821510593138605,28.2898303110756,0.877362396558027,0.81578867634677,2013,"SNIR6DFL"
1302,1474,6196,477,52,0.0732832349701304,29.0134208785676,0.896704624252032,0.835945044211269,2011,"SNIR61FL"
1303,835,2988,255,31,0.0812821631667783,28.323845480693,0.879750431278793,0.815453942746446,2013,"SNIR6DFL"
1303,1515,6170,483,52,0.0764533991336037,28.9942435804279,0.898738103676379,0.836316098784028,2011,"SNIR61FL"
1304,860,2969,258,30,0.0822304949609423,28.3576739790413,0.880888077028473,0.815942632454348,2013,"SNIR6DFL"
1304,1533,6165,493,52,0.078104234298815,29.0103933569193,0.899220295988517,0.837925133683213,2011,"SNIR61FL"
1305,848,2989,261,30,0.0822905232881987,28.3901109472908,0.882489679013434,0.8221388432663,2013,"SNIR6DFL"
1305,1476,6236,496,56,0.0782550164921513,29.0292685592168,0.900733407074417,0.841262114651667,2011,"SNIR61FL"
1306,818,3033,256,30,0.0803610244134831,28.4049869912806,0.884320077970224,0.827964822435024,2013,"SNIR6DFL"
1306,1392,6326,514,56,0.0816811068154928,29.0412770665179,0.901255762470416,0.844915808383079,2011,"SNIR61FL"
1307,787,3063,271,31,0.0832181922996798,28.4212842739263,0.88351157619349,0.828639323022212,2013,"SNIR6DFL"
1307,1351,6378,512,57,0.0798591090409865,29.0756431969802,0.902429495443114,0.847083529539063,2011,"SNIR61FL"
1308,802,3046,278,32,0.0840785387390116,28.459503262837,0.884971484594608,0.828948015484933,2013,"SNIR6DFL"
1308,1349,6393,525,57,0.0812801003697976,29.1103402672403,0.902966625922699,0.84956189062433,2011,"SNIR61FL"
1309,734,3188,185,14,0.0626977632164922,28.5369631761837,0.856313614102451,0.786199770651286,2014,"SNIR70FL"
1309,840,3009,288,31,0.0835058534433397,28.5024811270012,0.887679355640417,0.830994377660449,2013,"SNIR6DFL"
1309,1420,6319,532,56,0.0811685381333567,29.1164283319313,0.903363277103058,0.850170142256283,2011,"SNIR61FL"
1310,764,3160,201,14,0.0677889546933593,28.5104756330411,0.857095635807757,0.786406475233069,2014,"SNIR70FL"
1310,873,2985,287,29,0.0843686868614106,28.5456520938149,0.889533446082053,0.832543648854889,2013,"SNIR6DFL"
1310,1404,6345,534,56,0.0813353021866584,29.1551057150874,0.907091748152329,0.850981803993138,2011,"SNIR61FL"
1311,779,3142,212,12,0.069223698655851,28.4778211226616,0.85834699929123,0.785922125774388,2014,"SNIR70FL"
1311,880,2976,296,29,0.0867540084248249,28.5730241144076,0.892386692975486,0.834881412293537,2013,"SNIR6DFL"
1311,1453,6286,545,59,0.0827897901085157,29.1763336081467,0.908631877886588,0.853727654677649,2011,"SNIR61FL"
1312,789,3141,218,12,0.0698045303543097,28.5177891470661,0.861970537002529,0.785943209389521,2014,"SNIR70FL"
1312,909,2962,295,30,0.0854900487125671,28.555327977894,0.892169225328578,0.835294794112427,2013,"SNIR6DFL"
1312,1497,6247,549,63,0.0837987857864311,29.1999587645145,0.909669853374159,0.853088269742564,2011,"SNIR61FL"
1313,806,3126,225,13,0.0693606226180125,28.5166629463574,0.860718756645854,0.784017958870507,2014,"SNIR70FL"
1313,888,2999,303,30,0.0886920668402017,28.5582160391613,0.893114481545429,0.833984186758672,2013,"SNIR6DFL"
1313,1555,6207,545,63,0.0836862831394409,29.2346413700204,0.910810237623376,0.853990825569976,2011,"SNIR61FL"
1314,830,3125,228,14,0.0699666177077376,28.5132977730066,0.858286267067091,0.782145683614373,2014,"SNIR70FL"
1314,892,3008,305,28,0.0895517495124309,28.5303282650176,0.893886401119206,0.833810978524057,2013,"SNIR6DFL"
1314,1646,6127,550,62,0.0853628892394753,29.2504627121352,0.911741429794229,0.854624189857865,2011,"SNIR61FL"
1315,862,3097,229,14,0.0698409985336963,28.5168908131167,0.862443133608049,0.784854596829052,2014,"SNIR70FL"
1315,904,2989,324,29,0.0946609324037656,28.5551532618893,0.895693891559413,0.835279952196869,2013,"SNIR6DFL"
1315,1686,6091,550,60,0.0843620466497365,29.2896186745403,0.913265196531059,0.855694049525478,2011,"SNIR61FL"
1316,864,3093,241,14,0.0716345874865535,28.5457191766703,0.865000726552847,0.790568577030599,2014,"SNIR70FL"
1316,888,3009,332,28,0.0953563573968876,28.5606925711648,0.895996390177142,0.835566422554076,2013,"SNIR6DFL"
1316,1682,6085,569,61,0.0883130232382947,29.3282271004244,0.915640849244344,0.858405623746509,2011,"SNIR61FL"
1317,809,3164,250,15,0.0740004853037089,28.5506742357391,0.866743173530461,0.792051662939097,2014,"SNIR70FL"
1317,833,3070,342,27,0.0972777355063185,28.5551520515705,0.894317346104372,0.838102447765048,2013,"SNIR6DFL"
1317,1640,6144,574,63,0.0890161315448464,29.3659952555411,0.916335088044585,0.862492107940161,2011,"SNIR61FL"
1318,774,3204,260,17,0.0779269850245803,28.5602311748639,0.865300414857779,0.795578847432816,2014,"SNIR70FL"
1318,779,3133,353,27,0.0996747192827039,28.5853857100729,0.896019476418158,0.84074589698734,2013,"SNIR6DFL"
1318,1531,6250,588,68,0.0891711976443601,29.408141699615,0.918837241359651,0.864466184828075,2011,"SNIR61FL"
1319,724,3260,265,19,0.0781429026157902,28.5689350407521,0.866706474873196,0.797123948549334,2014,"SNIR70FL"
1319,731,3189,357,29,0.100758101209912,28.6205222690324,0.89892198634489,0.843223603741743,2013,"SNIR6DFL"
1319,1458,6307,611,69,0.0925765709026235,29.4677822178094,0.922768733871503,0.869522358632099,2011,"SNIR61FL"
1320,741,3260,267,20,0.078759934875919,28.5750737040707,0.867125305463973,0.795255156225855,2014,"SNIR70FL"
1320,781,3146,362,26,0.102211503051401,28.6257476122285,0.901464370998696,0.845216367834354,2013,"SNIR6DFL"
1320,1499,6270,628,68,0.0926658542146689,29.4791824263844,0.926800114804515,0.871363360794999,2011,"SNIR61FL"
1321,763,3223,289,17,0.0873554954875266,28.5712020895194,0.86811327882517,0.796314242064099,2014,"SNIR70FL"
1321,772,3325,231,22,0.0661923761117489,28.4290046578089,0.859034741515095,0.807657479108605,2015,"SNIR7HFL"
1321,783,3150,364,26,0.101175693144232,28.6164549007557,0.902398493461011,0.845389698820902,2013,"SNIR6DFL"
1321,1543,6187,657,72,0.0962396285032606,29.4582521247406,0.928249703609684,0.873270178831802,2011,"SNIR61FL"
1322,794,3298,239,22,0.0679357971033933,28.4610197141949,0.861552984471976,0.808354233351099,2015,"SNIR7HFL"
1322,804,3176,298,18,0.0903004395404749,28.5784778221917,0.868842346802707,0.795042891217922,2014,"SNIR70FL"
1322,825,3105,372,27,0.103443037148731,28.62277203993,0.903789169395742,0.84631741651578,2013,"SNIR6DFL"
1322,1615,6121,669,76,0.0966860568397444,29.4359329479694,0.927065182083301,0.874700728897087,2011,"SNIR61FL"
1323,809,3167,301,20,0.0953382910582883,28.6067999655361,0.871794920845343,0.796628800352835,2014,"SNIR70FL"
1323,811,3275,253,22,0.0720685794195329,28.4917624707459,0.863906134667877,0.808510581628983,2015,"SNIR7HFL"
1323,845,3083,382,27,0.107315469738859,28.6229967454485,0.90679213885987,0.847255537441584,2013,"SNIR6DFL"
1323,1618,6098,694,80,0.100134504003754,29.3991531038155,0.929902770210493,0.87499877282462,2011,"SNIR61FL"
1324,811,3168,298,19,0.09487520965831,28.6309097356798,0.873838703637776,0.800411300957479,2014,"SNIR70FL"
1324,832,3260,256,21,0.0734060735517082,28.51043112995,0.864499844722658,0.81152044014788,2015,"SNIR7HFL"
1324,843,3088,382,27,0.108041064000351,28.6273140340584,0.906374947867963,0.846628604583424,2013,"SNIR6DFL"
1324,1639,6049,716,77,0.102045613152304,29.354086371576,0.931514305951983,0.875653320242744,2011,"SNIR61FL"
1325,834,3145,301,19,0.0954310113971695,28.657720397611,0.878285609642728,0.801293069784075,2014,"SNIR70FL"
1325,843,3249,269,21,0.0773168684373794,28.5091012876822,0.864923920996335,0.810555996692475,2015,"SNIR7HFL"
1325,871,3045,399,27,0.113734436768883,28.6621083532256,0.907421281172048,0.846100932430818,2013,"SNIR6DFL"
1325,1714,5971,726,78,0.103739501793191,29.3214087976962,0.93257209685634,0.876900001068245,2011,"SNIR61FL"
1326,853,3230,278,23,0.079147313378256,28.5212916272761,0.867245650168395,0.810163100241828,2015,"SNIR7HFL"
1326,870,3120,302,20,0.0939924297033847,28.6962096603825,0.879418794603411,0.802771534566571,2014,"SNIR70FL"
1326,882,3036,404,27,0.114132857141278,28.6629672065041,0.907178880132604,0.844730057424145,2013,"SNIR6DFL"
1326,1752,5959,727,74,0.101776819650065,29.281394498586,0.934137234676746,0.876852152279943,2011,"SNIR61FL"
1327,849,3237,281,27,0.078059976439487,28.541463284595,0.868764566504704,0.811100074237792,2015,"SNIR7HFL"
1327,864,3141,304,18,0.0934006492136337,28.7029176956377,0.877381036575232,0.800251701546358,2014,"SNIR70FL"
1327,897,3038,405,27,0.114905736195402,28.6845866425025,0.909964899271725,0.845095695117594,2013,"SNIR6DFL"
1327,1763,5955,742,78,0.105420235110251,29.2754999373519,0.935112561806947,0.876682092125995,2011,"SNIR61FL"
1328,855,3236,287,27,0.0789569423527251,28.5781202327299,0.871149233119418,0.812561275670919,2015,"SNIR7HFL"
1328,873,3141,307,18,0.0956857558517151,28.7340106026714,0.87836347908682,0.80136611739935,2014,"SNIR70FL"
1328,920,3036,394,27,0.111920883069652,28.6747459756793,0.910488009095653,0.848539378877978,2013,"SNIR6DFL"
1328,1786,5915,785,76,0.109494687877344,29.2703941720488,0.937570837342111,0.879130036793785,2011,"SNIR61FL"
1329,816,3273,301,29,0.0825217042776408,28.5992200269512,0.871760261036774,0.814780950985083,2015,"SNIR7HFL"
1329,853,3110,394,34,0.110900814043383,28.6709280291818,0.91119717837343,0.849904249022928,2013,"SNIR6DFL"
1329,872,3139,318,19,0.0981959176600471,28.7419682519008,0.879828718966035,0.80690817210807,2014,"SNIR70FL"
1329,1678,5997,819,76,0.111938379504734,29.2490016774041,0.940603960212017,0.881533417115258,2011,"SNIR61FL"
1330,794,3305,305,31,0.0823424973654823,28.6234887780922,0.872290674964089,0.816049120220864,2015,"SNIR7HFL"
1330,797,3172,401,36,0.112386560179727,28.6956869730691,0.912337400812375,0.85168984026779,2013,"SNIR6DFL"
1330,833,3172,326,22,0.100538725897128,28.7527560978001,0.8798821472879,0.808077952954763,2014,"SNIR70FL"
1330,1595,6057,871,78,0.116715272320117,29.2275528600019,0.942608437860891,0.883841346140267,2011,"SNIR61FL"
1331,751,3211,409,38,0.112693845233147,28.7022186161761,0.913439587955162,0.850795212814926,2013,"SNIR6DFL"
1331,755,3350,303,31,0.0830783648424191,28.6564972990871,0.874583683679644,0.82083897703166,2015,"SNIR7HFL"
1331,770,3235,330,25,0.103233275635786,28.7864147133221,0.881931266889102,0.810974153913274,2014,"SNIR70FL"
1331,1374,5906,802,71,0.105680035010623,29.0454524424248,0.949368618130501,0.890771239570146,2011,"SNIR61FL"
1332,764,3342,314,31,0.0867135982714883,28.6811901808369,0.878423283739801,0.824106325230106,2015,"SNIR7HFL"
1332,782,3176,416,42,0.114321815521085,28.7382425125318,0.917942122042521,0.853175130462985,2013,"SNIR6DFL"
1332,784,3232,334,26,0.103288652269794,28.7854204609921,0.881718028388363,0.812007033010613,2014,"SNIR70FL"
1333,664,3264,280,27,0.0812964760095218,28.5060832026514,0.863585641621303,0.802607105838972,2016,"SNIR7IFL"
1333,775,3335,317,31,0.0894080361488436,28.6992086340874,0.880605021958006,0.826785213281651,2015,"SNIR7HFL"
1333,782,3233,336,28,0.103042113363187,28.8171454729244,0.88233728992064,0.813093364444794,2014,"SNIR70FL"
1333,816,3143,422,42,0.113118413355655,28.749837518836,0.917107020237019,0.852144265600993,2013,"SNIR6DFL"
1334,678,3252,283,27,0.0822131333866286,28.5045899245832,0.86454595251365,0.804251196129842,2016,"SNIR7IFL"
1334,793,3310,314,36,0.086520162069184,28.7135355742263,0.882079460351689,0.828849483056379,2015,"SNIR7HFL"
1334,812,3219,331,27,0.101176725427655,28.8422122465028,0.885184680730803,0.815917249710528,2014,"SNIR70FL"
1334,846,3118,428,41,0.116488807854686,28.783584153727,0.919221727258362,0.853569564492192,2013,"SNIR6DFL"
1335,682,3248,289,28,0.0854398150127261,28.5081144884502,0.865356427300139,0.803817252309467,2016,"SNIR7IFL"
1335,812,3282,322,38,0.087497897381356,28.7193583709393,0.883180754260589,0.829674143839576,2015,"SNIR7HFL"
1335,831,3191,343,27,0.103259989493295,28.8960008155551,0.887058880725961,0.8193613646287,2014,"SNIR70FL"
1335,872,3085,442,44,0.120188310286711,28.8157500617362,0.91892178904942,0.854691230307034,2013,"SNIR6DFL"
1336,705,3229,294,28,0.0867126443774716,28.5590141271678,0.866160200873393,0.804061410445756,2016,"SNIR7IFL"
1336,822,3259,337,40,0.0930601010979413,28.7491851122283,0.883428021737153,0.831096698831739,2015,"SNIR7HFL"
1336,841,3174,360,30,0.105503939514244,28.9425679208565,0.886604812025044,0.820305322177236,2014,"SNIR70FL"
1336,890,3072,443,45,0.120422554730658,28.8650238983287,0.919203262632982,0.857954104541995,2013,"SNIR6DFL"
1337,724,3198,311,29,0.0905405325452687,28.5869570450924,0.868765273432676,0.802300192862713,2016,"SNIR7IFL"
1337,858,3220,348,40,0.0936998839361809,28.7701449171493,0.883881124504194,0.83376925366657,2015,"SNIR7HFL"
1337,870,3149,361,29,0.107986578366443,28.9668018925252,0.889268728294831,0.823814262574924,2014,"SNIR70FL"
1337,887,3078,449,47,0.12294423498383,28.8995383046549,0.920001290701572,0.860228786585546,2013,"SNIR6DFL"
1338,751,3183,313,29,0.0900904975467166,28.578378717724,0.869563024352986,0.799188529956984,2016,"SNIR7IFL"
1338,867,3156,360,30,0.105970147577269,28.9815812676044,0.889715941712158,0.824044691436639,2014,"SNIR70FL"
1338,871,3196,362,39,0.09543184444856,28.8069716317591,0.883754864463794,0.834710296024872,2015,"SNIR7HFL"
1338,921,3045,454,47,0.123038119231875,28.9437858760426,0.921404713618246,0.86194873412271,2013,"SNIR6DFL"
1339,780,3154,314,30,0.0904690509461003,28.6021961944698,0.870403687547088,0.798855887050314,2016,"SNIR7IFL"
1339,871,3195,362,42,0.096137866135523,28.8572192771644,0.885134904261713,0.836621839230465,2015,"SNIR7HFL"
1339,880,3141,372,32,0.105019086109141,29.0343111789969,0.890954927875654,0.825484303578547,2014,"SNIR70FL"
1339,958,3009,461,49,0.125436805771101,29.0092824066623,0.924650314140268,0.862647956752648,2013,"SNIR6DFL"
1340,813,3136,308,31,0.0887702060149517,28.6470012089795,0.87115110107746,0.804352696709818,2016,"SNIR7IFL"
1340,908,3160,369,43,0.0977693452241937,28.8883290075754,0.886160251486502,0.838461196073619,2015,"SNIR7HFL"
1340,909,3122,380,32,0.106969800918107,29.0404862925635,0.891457683943886,0.827620553710551,2014,"SNIR70FL"
1340,957,3015,463,51,0.124842929793717,29.0455253536341,0.924802784149197,0.866026296147777,2013,"SNIR6DFL"
1341,780,3170,316,30,0.0904864410471256,28.6826659192469,0.874771097325145,0.807416774984028,2016,"SNIR7IFL"
1341,865,3181,384,34,0.108841364573918,29.0683464684716,0.892180143679139,0.82847006143707,2014,"SNIR70FL"
1341,882,3194,370,47,0.0982487752859998,28.932530515069,0.888869478535237,0.839673548866046,2015,"SNIR7HFL"
1341,912,3054,471,53,0.127313700501598,29.0854162429909,0.926116344338875,0.870762876075786,2013,"SNIR6DFL"
1342,774,3189,320,28,0.090768460444705,28.6945443327029,0.87607202420821,0.808515542985999,2016,"SNIR7IFL"
1342,852,3197,392,33,0.113410367192403,29.0788849283278,0.894284298946401,0.832687757178923,2014,"SNIR70FL"
1342,869,3218,378,48,0.100417360230407,28.9312252688595,0.890001624515038,0.84224466578333,2015,"SNIR7HFL"
1342,870,3100,477,52,0.128513333395597,29.1090730281668,0.927838287547725,0.870565030595169,2013,"SNIR6DFL"
1343,756,3218,326,29,0.0945468420014483,28.7101204348261,0.878048290456834,0.80941517775573,2016,"SNIR7IFL"
1343,810,3241,398,35,0.114950430988195,29.0731075525425,0.896422817266156,0.833300603122156,2014,"SNIR70FL"
1343,834,3143,479,52,0.133414767296114,29.1393258295448,0.929565984413295,0.874476522324691,2013,"SNIR6DFL"
1343,857,3231,388,47,0.104938608517835,28.9447087855015,0.891067927781986,0.843855257857479,2015,"SNIR7HFL"
1344,780,3207,331,30,0.0949725950126444,28.7428189829829,0.87992334810275,0.810601455004793,2016,"SNIR7IFL"
1344,803,3259,408,36,0.115264499674887,29.0924990373837,0.899184064924052,0.840382763482612,2014,"SNIR70FL"
1344,829,3144,488,46,0.134126717427753,29.1880613672708,0.932964491434578,0.877379322337559,2013,"SNIR6DFL"
1344,870,3217,397,48,0.105155417982949,28.9412293000602,0.894353289447961,0.844244338666009,2015,"SNIR7HFL"
1345,787,3193,355,28,0.103602309066821,28.7136980268274,0.879784265787096,0.808669432775229,2016,"SNIR7IFL"
1345,826,3262,397,36,0.112518807694491,29.1058569690141,0.898739708921484,0.842606200192283,2014,"SNIR70FL"
1345,838,3125,496,51,0.137126174303428,29.1894942487283,0.934236871989012,0.877242002069496,2013,"SNIR6DFL"
1345,875,3208,405,48,0.107484743679907,28.9477050762075,0.893868328465789,0.847789960046275,2015,"SNIR7HFL"
1345,1407,6007,572,20,0.0911422645146934,28.9092443105564,0.858373094636486,0.801827734418098,2017,"SNIR7ZFL"
1346,832,3144,359,28,0.101931963453698,28.7317858888344,0.883183669119505,0.809763801168972,2016,"SNIR7IFL"
1346,863,3234,406,35,0.116827686867739,29.1067601461965,0.89991265746727,0.844605382265043,2014,"SNIR70FL"
1346,873,3082,514,48,0.141120916438149,29.1870892066979,0.936616544807721,0.878500860847576,2013,"SNIR6DFL"
1346,886,3198,420,45,0.111197773816249,28.9783171447315,0.894460702334829,0.848678743520679,2015,"SNIR7HFL"
1346,1406,6000,610,19,0.0954443104018964,28.8818766088136,0.858648804895248,0.802217349618246,2017,"SNIR7ZFL"
1347,847,3128,362,26,0.100317105857148,28.7715123395614,0.884170541912492,0.810141264689555,2016,"SNIR7IFL"
1347,849,3244,412,37,0.119367882532612,29.0899512639465,0.899835529348291,0.842075538896019,2014,"SNIR70FL"
1347,878,3068,522,50,0.144812808099923,29.2024975507824,0.937956112051388,0.880782926937165,2013,"SNIR6DFL"
1347,884,3204,430,42,0.117255950977145,28.9943137696578,0.895451167067219,0.852278315127663,2015,"SNIR7HFL"
1347,1444,5967,642,21,0.10040855193798,28.8390176072864,0.859306487970525,0.799992305950042,2017,"SNIR7ZFL"
1348,855,3114,375,27,0.101966823057704,28.7746089180059,0.885058755142852,0.809305920708738,2016,"SNIR7IFL"
1348,868,3228,414,37,0.120198322207592,29.1100721913878,0.901208257802155,0.84220345333338,2014,"SNIR70FL"
1348,907,3043,519,55,0.142587166332092,29.1868625458436,0.939652454546577,0.880128940662413,2013,"SNIR6DFL"
1348,910,3173,442,42,0.120627266357604,29.0333409737043,0.896352704556839,0.852386420776551,2015,"SNIR7HFL"
1348,1466,5948,673,23,0.104366139782582,28.8155615730094,0.859454042474084,0.798680727971219,2017,"SNIR7ZFL"
1349,869,3224,423,40,0.120673292728769,29.1259255133339,0.901905274483905,0.841481631073663,2014,"SNIR70FL"
1349,899,3059,392,28,0.106226993728628,28.8169331766443,0.885264566047168,0.812258439200113,2016,"SNIR7IFL"
1349,906,3152,458,45,0.124080104079712,29.0349160018176,0.897518998491001,0.853418590417193,2015,"SNIR7HFL"
1349,949,2986,532,56,0.144256546755093,29.1646803992942,0.939396562072518,0.878982055821713,2013,"SNIR6DFL"
1349,1474,5943,691,24,0.107108617319032,28.8139535748991,0.860949890756613,0.797000498637346,2017,"SNIR7ZFL"
1350,863,3222,436,35,0.127343560887073,29.1747941625016,0.902914349169354,0.842173260927548,2014,"SNIR70FL"
1350,892,3162,466,45,0.126834302365232,29.0631900553331,0.898122164230469,0.853531917095098,2015,"SNIR7HFL"
1350,893,3066,400,29,0.105917912644474,28.8632144972908,0.88786479197729,0.812826161031533,2016,"SNIR7IFL"
1350,966,2958,552,57,0.148905453132232,29.1589519743251,0.941064996303367,0.880563437215798,2013,"SNIR6DFL"
1350,1482,5924,708,25,0.109602245729107,28.8107939847206,0.861756942364044,0.797003417354492,2017,"SNIR7ZFL"
1351,879,3208,441,34,0.127902660319011,29.1880204787723,0.904582617699631,0.843531961402756,2014,"SNIR70FL"
1351,900,3051,410,30,0.10829507674974,28.9083780369452,0.888116090279749,0.813604895729228,2016,"SNIR7IFL"
1351,904,3142,482,46,0.128571613172683,29.082888736272,0.898500873763391,0.853952199652508,2015,"SNIR7HFL"
1351,971,2940,569,63,0.153213795855277,29.1544382506683,0.942424619798538,0.881821471036929,2013,"SNIR6DFL"
1351,1524,5888,717,25,0.111305418323868,28.8075689900723,0.862231971606622,0.797516270184294,2017,"SNIR7ZFL"
1352,885,3198,448,36,0.126444487654907,29.2166536311557,0.904729949388588,0.849051670494915,2014,"SNIR70FL"
1352,887,3174,489,46,0.129531181570034,29.0835426029336,0.89783487560551,0.85461467031771,2015,"SNIR7HFL"
1352,910,3051,416,32,0.109775524608447,28.9338439804987,0.887722198583425,0.813194644440967,2016,"SNIR7IFL"
1352,969,2935,590,64,0.158407322278544,29.1214421944872,0.944101022303845,0.882192404008779,2013,"SNIR6DFL"
1352,1500,5920,724,26,0.111881687153832,28.8271629199457,0.862138201375409,0.799864573683765,2017,"SNIR7ZFL"
1353,869,3199,492,49,0.129967471539537,29.0997281665358,0.897980415290554,0.855829926540247,2015,"SNIR7HFL"
1353,882,3193,465,37,0.129873266588453,29.2344790815112,0.906835062682887,0.849915121334857,2014,"SNIR70FL"
1353,883,3080,432,31,0.113607078121528,28.9192311220458,0.887270527114958,0.815643719707491,2016,"SNIR7IFL"
1353,914,2987,604,68,0.159602360482353,29.1116985330685,0.944098833414697,0.881475947568303,2013,"SNIR6DFL"
1353,1487,5941,742,25,0.114091669790603,28.8605026880314,0.862506832589895,0.801411821991356,2017,"SNIR7ZFL"
1354,843,3229,502,48,0.13050685604819,29.0906640409107,0.897132882255518,0.860124105218341,2015,"SNIR7HFL"
1354,863,3201,481,38,0.132998542022946,29.2722036848114,0.908625425945857,0.855815321959074,2014,"SNIR70FL"
1354,866,2944,562,67,0.138571680903998,29.0700561058439,0.946849733558284,0.879831884279829,2013,"SNIR6DFL"
1354,877,3095,442,31,0.11572080251895,28.9264392273999,0.88639807022089,0.81818056591923,2016,"SNIR7IFL"
1354,1441,5996,745,29,0.114584689139321,28.8867652604362,0.863694737281018,0.802760299437529,2017,"SNIR7ZFL"
1355,801,3272,514,50,0.133149271576076,29.0951805859367,0.895901908020241,0.859265952934645,2015,"SNIR7HFL"
1355,812,3165,451,33,0.115915782438879,28.9249953961218,0.888661074953795,0.820457526118929,2016,"SNIR7IFL"
1355,819,3238,490,36,0.135835032231782,29.3206608060575,0.911178078102111,0.858104763696947,2014,"SNIR70FL"
1355,1410,6037,758,29,0.117466235436481,28.913237914668,0.865125938366894,0.805705956110919,2017,"SNIR7ZFL"
1356,793,3290,511,47,0.13337953231912,29.0442648307331,0.897155364092294,0.858500427610985,2015,"SNIR7HFL"
1356,801,3238,506,35,0.13606973614062,29.3165755235341,0.911909142890067,0.860930840488347,2014,"SNIR70FL"
1356,816,3175,462,35,0.119010503275711,28.8998065713452,0.89162190306088,0.818519638810134,2016,"SNIR7IFL"
1356,1380,6085,766,32,0.118076089432434,28.9344975325115,0.86621564733157,0.808689292896707,2017,"SNIR7ZFL"
1357,778,3294,528,46,0.13846152587732,29.0815211877416,0.898775531819019,0.857928322875477,2015,"SNIR7HFL"
1357,790,3240,520,38,0.142513143366745,29.3394864310778,0.914680044650632,0.862417313105018,2014,"SNIR70FL"
1357,826,3181,461,34,0.118739323762442,28.9027019022561,0.893432628398955,0.818971321261706,2016,"SNIR7IFL"
1357,1384,6094,784,34,0.119268640649066,28.9228812684254,0.866480923723248,0.810187917157305,2017,"SNIR7ZFL"
1358,819,3184,479,34,0.123293790976346,28.9285928694228,0.894935082867649,0.818444447983912,2016,"SNIR7IFL"
1358,830,3186,530,39,0.141783421118268,29.3576514033161,0.917208462698046,0.862669733336351,2014,"SNIR70FL"
1358,831,3231,540,47,0.141843057418039,29.1270572828815,0.900648969772996,0.857823545075291,2015,"SNIR7HFL"
1358,1410,6048,813,36,0.121659982733119,28.9518789861334,0.867410709870658,0.811216014037613,2017,"SNIR7ZFL"
1359,846,3135,500,39,0.127988830387571,28.9048768333136,0.894784786850307,0.821405039130783,2016,"SNIR7IFL"
1359,847,3210,542,48,0.141789133653333,29.1293243210221,0.900979811121016,0.855698723109065,2015,"SNIR7HFL"
1359,849,3138,545,45,0.145171982740051,29.3726219629677,0.917027671600712,0.863552077941527,2014,"SNIR70FL"
1359,1459,6004,822,37,0.12367381766832,28.9350977544301,0.86660840835057,0.810516306716744,2017,"SNIR7ZFL"
1360,838,3145,560,48,0.149025631117038,29.4019141633872,0.917549531461314,0.864460930973105,2014,"SNIR70FL"
1360,841,3128,524,38,0.133965819146437,28.9520136346967,0.895941211207931,0.823169239999904,2016,"SNIR7IFL"
1360,847,3206,546,51,0.143190429302252,29.1514778950086,0.901860009333177,0.855880569216665,2015,"SNIR7HFL"
1360,1508,5962,838,36,0.12664273472914,28.9405082003857,0.866089595429747,0.808432848790796,2017,"SNIR7ZFL"
1361,861,3126,517,35,0.133464649903829,28.9677121923238,0.897323392287469,0.822848107558663,2016,"SNIR7IFL"
1361,867,3108,568,52,0.151318233759463,29.4239252822918,0.919375391934974,0.86727258254753,2014,"SNIR70FL"
1361,879,3182,552,50,0.142946972421031,29.1902031981177,0.903864314215287,0.858450219582449,2015,"SNIR7HFL"
1361,1554,5893,868,35,0.130507413887842,28.9630830498705,0.865598790174369,0.808246361097161,2017,"SNIR7ZFL"
1362,843,3130,529,38,0.139462703052691,29.0017380226709,0.900951500196028,0.822410342364164,2016,"SNIR7IFL"
1362,889,3063,593,51,0.155676572507637,29.4560345109493,0.920984520182278,0.867416752798015,2014,"SNIR70FL"
1362,889,3182,551,51,0.144430536884808,29.2263573714991,0.905716733736744,0.858876481534033,2015,"SNIR7HFL"
1362,1524,5909,894,35,0.134413788591925,28.9939655317292,0.866560621673288,0.809171483062535,2017,"SNIR7ZFL"
1363,816,3169,534,35,0.139748073861724,29.0510815445959,0.90063709387134,0.824486010836795,2016,"SNIR7IFL"
1363,883,3188,559,51,0.146139397663676,29.2490129058264,0.904560887457624,0.858168991588986,2015,"SNIR7HFL"
1363,908,3030,603,52,0.155716006371967,29.4586529717048,0.922081884558931,0.867302500978641,2014,"SNIR70FL"
1363,1519,5926,889,36,0.134202278499996,29.0216821117198,0.86720104718531,0.811313074255716,2017,"SNIR7ZFL"
1364,800,3174,549,38,0.146067949336157,29.0929229799185,0.903613620016429,0.825655669461919,2016,"SNIR7IFL"
1364,879,3048,624,53,0.159563175837499,29.4734860950696,0.924809469610818,0.869634093486336,2014,"SNIR70FL"
1364,882,3187,564,52,0.148016350281676,29.2758280637879,0.905919859074157,0.860060737683847,2015,"SNIR7HFL"
1364,1509,5935,911,37,0.137427033743333,29.029604701829,0.867356521915203,0.811191993725044,2017,"SNIR7ZFL"
1365,791,3184,560,35,0.147270550707771,29.1024576321705,0.906128555221665,0.828045938589001,2016,"SNIR7IFL"
1365,852,3200,582,55,0.152244275099534,29.2827041936343,0.906910548676295,0.86278451138475,2015,"SNIR7HFL"
1365,864,3043,650,56,0.162789319173275,29.492632880083,0.924973769639629,0.872241493185148,2014,"SNIR70FL"
1365,1511,5933,928,37,0.138614387920204,29.0674084979436,0.867426694303358,0.81357886887599,2017,"SNIR7ZFL"
1366,768,3195,578,37,0.15062418933245,29.1353976656894,0.906470027802749,0.831986589703959,2016,"SNIR7IFL"
1366,840,3054,671,61,0.165401800772446,29.468779208207,0.929656716119141,0.873353890993157,2014,"SNIR70FL"
1366,840,3206,595,56,0.156682542552167,29.2878175350571,0.908886121528145,0.867168157227147,2015,"SNIR7HFL"
1366,1480,5943,957,38,0.142912909978575,29.0996113553865,0.86804665972751,0.815104200248341,2017,"SNIR7ZFL"
1367,731,3231,591,37,0.155418674303951,29.108864670285,0.906551780202002,0.834147216557538,2016,"SNIR7IFL"
1367,763,3119,697,65,0.171985039316218,29.4944118502084,0.93036457136962,0.875082387446094,2014,"SNIR70FL"
1367,798,3256,597,58,0.156217296894631,29.3252937939505,0.911694646164772,0.870737821999498,2015,"SNIR7HFL"
1367,1417,5992,982,40,0.145835748898284,29.1211022457082,0.870949176771409,0.818157170540493,2017,"SNIR7ZFL"
1368,716,3251,604,37,0.161939302093885,29.1306519910346,0.907641761649663,0.834617370594623,2016,"SNIR7IFL"
1368,766,3092,725,73,0.180025899828118,29.4537466122229,0.934123908577654,0.878928758949863,2014,"SNIR70FL"
1368,803,3244,611,60,0.155952151727382,29.3586860872518,0.914430944332948,0.873758188679971,2015,"SNIR7HFL"
1368,1380,6027,1007,41,0.150405473573965,29.1504356793771,0.87363398136278,0.820167902188402,2017,"SNIR7ZFL"
1369,748,3208,620,38,0.168601534988257,29.1464317684752,0.910161291328655,0.838002802883549,2016,"SNIR7IFL"
1369,765,3065,758,73,0.187916743473533,29.4834273803311,0.937388834474999,0.879648929350562,2014,"SNIR70FL"
1369,824,3180,641,65,0.164208916892783,29.3706024878903,0.916707093839581,0.874113719245356,2015,"SNIR7HFL"
1369,1362,6017,1028,40,0.152377811410559,29.1430996984735,0.875442323653067,0.821687447315517,2017,"SNIR7ZFL"
1370,730,2994,745,70,0.188815205649581,29.4272050313843,0.943047245037588,0.88536974285639,2014,"SNIR70FL"
1370,764,3181,640,38,0.170836165610288,29.1602309307769,0.90995185439831,0.838225742437678,2016,"SNIR7IFL"
1370,861,3129,654,66,0.167320862497725,29.3983846778514,0.918816496705407,0.874360347923048,2015,"SNIR7HFL"
1370,1391,5979,1052,39,0.155482816618768,29.1412830900146,0.876076019751991,0.822797077379705,2017,"SNIR7ZFL"
1371,791,3153,647,37,0.174082272619249,29.152118698488,0.91027451447686,0.839035852009784,2016,"SNIR7IFL"
1371,867,3113,663,66,0.16959433387652,29.4070348969935,0.920355322070047,0.875069284946801,2015,"SNIR7HFL"
1371,1413,5942,1074,37,0.157663592076028,29.1274103843846,0.875906746604978,0.822954670324739,2017,"SNIR7ZFL"
1372,828,3120,656,36,0.173971600223176,29.1606189717359,0.909960118175562,0.838049778712246,2016,"SNIR7IFL"
1372,887,3062,686,71,0.176497180558944,29.4495789269489,0.924595134808232,0.875358391389423,2015,"SNIR7HFL"
1372,1443,5906,1089,37,0.15800895179503,29.1290601173772,0.877798500991906,0.82162194363614,2017,"SNIR7ZFL"
1373,855,3089,660,38,0.175056878037403,29.1931404193034,0.911713178131896,0.840628278618716,2016,"SNIR7IFL"
1373,936,3001,703,69,0.178457516679653,29.4487011820907,0.925116161234125,0.873865653115593,2015,"SNIR7HFL"
1373,1491,5875,1088,39,0.156039984248517,29.1465228605199,0.880707467327059,0.821113671323745,2017,"SNIR7ZFL"
1374,862,3088,657,39,0.172450248407995,29.1873097861293,0.911193768007787,0.838558427757384,2016,"SNIR7IFL"
1374,976,2934,726,70,0.181375209987967,29.4791072342441,0.927226360687188,0.873942444488962,2015,"SNIR7HFL"
1374,1483,5857,1117,39,0.160338990432832,29.1680700977853,0.88181068146287,0.82138513050849,2017,"SNIR7ZFL"
1375,879,3076,658,37,0.171998496613091,29.1984658479931,0.911119902958804,0.839546245732914,2016,"SNIR7IFL"
1375,986,2904,741,76,0.186027935701547,29.50582183134,0.929490632658557,0.874964466915483,2015,"SNIR7HFL"
1375,1483,5843,1144,38,0.162896689553067,29.1929402139893,0.881428518621352,0.820307093053517,2017,"SNIR7ZFL"
1376,864,3081,672,38,0.177440835804057,29.2382560847299,0.91189486606495,0.839389946894551,2016,"SNIR7IFL"
1376,959,2932,749,78,0.1868904731734,29.5024863441558,0.929960153426363,0.874328833434513,2015,"SNIR7HFL"
1376,1486,5826,1168,36,0.166179458538638,29.2112492366096,0.882183060015072,0.82193705650118,2017,"SNIR7ZFL"
1377,860,3095,678,36,0.177922049475919,29.2339723837221,0.916946130204905,0.841424130155233,2016,"SNIR7IFL"
1377,930,2935,782,79,0.193059119990572,29.5087528899089,0.930375359835238,0.877055634738038,2015,"SNIR7HFL"
1377,1501,5802,1191,37,0.168643928477505,29.2473450312085,0.88415208315491,0.823911207610644,2017,"SNIR7ZFL"
1378,821,3126,691,38,0.179805887799779,29.2461337303779,0.919031518928283,0.843068515806631,2016,"SNIR7IFL"
1378,918,2967,786,78,0.192229405912339,29.509885472772,0.93273773311601,0.877984994234577,2015,"SNIR7HFL"
1378,1471,5824,1211,39,0.16974240166424,29.2774957354897,0.885004373469563,0.826802017906759,2017,"SNIR7ZFL"
1379,812,3116,706,40,0.186417958314634,29.266039445339,0.922050016346688,0.845464705714435,2016,"SNIR7IFL"
1379,866,3027,795,78,0.192589319906528,29.5035833662514,0.936978205357814,0.88054178637572,2015,"SNIR7HFL"
1379,1396,5888,1253,39,0.175074730814102,29.2961765630862,0.886272706133176,0.829420123910284,2017,"SNIR7ZFL"
1380,790,3134,717,39,0.188926910001281,29.3013476720815,0.927900059364629,0.85104103514171,2016,"SNIR7IFL"
1380,837,3030,828,78,0.198449989417194,29.4825950392169,0.938680011848368,0.883369242544174,2015,"SNIR7HFL"
1380,1405,5866,1271,42,0.177253374513358,29.2922180318759,0.889376134371089,0.830163553534277,2017,"SNIR7ZFL"
1381,813,3105,727,42,0.190295733558185,29.3017704280812,0.930076709079427,0.850192489044296,2016,"SNIR7IFL"
1381,842,3003,851,78,0.204834609589536,29.4951315931091,0.942808447085434,0.884511053994042,2015,"SNIR7HFL"
1381,1428,5850,1275,42,0.179109128989254,29.2749670926974,0.890775186460336,0.830725239641316,2017,"SNIR7ZFL"
1382,805,3010,879,81,0.208019933217534,29.4975092139687,0.943528714171367,0.885735629135915,2015,"SNIR7HFL"
1382,821,3084,748,40,0.19459486624453,29.3318360641355,0.934209140435012,0.851278572279836,2016,"SNIR7IFL"
1382,1443,5819,1301,44,0.183127372852848,29.2985013594826,0.891335607451288,0.833064125552676,2017,"SNIR7ZFL"
1383,831,3053,765,44,0.195874829798325,29.3419977960696,0.936567026316983,0.852528497887035,2016,"SNIR7IFL"
1383,1464,5778,1330,45,0.18795072727911,29.2984151152716,0.893244208754206,0.834240108260647,2017,"SNIR7ZFL"
1384,843,3030,777,45,0.201285444706524,29.3640169321026,0.938839724479832,0.852936109074391,2016,"SNIR7IFL"
1384,1484,5760,1350,47,0.190042871637041,29.3203008904463,0.894874323695736,0.835291107308833,2017,"SNIR7ZFL"
1385,876,2994,783,44,0.19814034603786,29.3739547036218,0.941321552172766,0.853472954479299,2016,"SNIR7IFL"
1385,1508,5753,1353,48,0.190127796297506,29.334981734423,0.894489086982005,0.836469755539235,2017,"SNIR7ZFL"
1386,908,2942,799,46,0.202387589961985,29.4058055350506,0.942614093320997,0.855112496683026,2016,"SNIR7IFL"
1386,1506,5743,1377,48,0.191793173901372,29.3462976854368,0.895896057503662,0.837106373621204,2017,"SNIR7ZFL"
1387,930,2922,806,47,0.20085391568604,29.4166138099658,0.942918022036128,0.85725666654487,2016,"SNIR7IFL"
1387,1528,5732,1391,46,0.193308490985384,29.3648571740642,0.896524223935556,0.838245823819704,2017,"SNIR7ZFL"
1388,883,2976,823,51,0.202879301077625,29.4207984238386,0.943623027102723,0.861458714253789,2016,"SNIR7IFL"
1388,1529,5719,1409,47,0.194931635138874,29.3991815725489,0.899166577093923,0.839538876395865,2017,"SNIR7ZFL"
1389,860,3010,832,51,0.205897255996138,29.436105147354,0.945373717450154,0.862990565220415,2016,"SNIR7IFL"
1389,1526,5717,1438,47,0.198296421677224,29.4196376123942,0.901093966944455,0.842410238305623,2017,"SNIR7ZFL"
1390,808,3056,842,56,0.207409429495628,29.4141404387137,0.947637140748657,0.864594207396248,2016,"SNIR7IFL"
1390,1491,5749,1449,46,0.198696888325182,29.4459878129447,0.902754599011152,0.846434769099385,2017,"SNIR7ZFL"
1391,804,3060,858,55,0.208155694353672,29.3929065058446,0.948807062733619,0.865127867864589,2016,"SNIR7IFL"
1391,1441,5795,1462,46,0.19969180719207,29.4784094273203,0.904356099411594,0.849356362268321,2017,"SNIR7ZFL"
1392,813,3052,886,61,0.211709727280939,29.3361281184486,0.956204003695577,0.867513108642928,2016,"SNIR7IFL"
1392,1432,5794,1491,44,0.20292691024464,29.5041983308689,0.907396404808779,0.853814519785041,2017,"SNIR7ZFL"
1393,800,3060,895,66,0.214195056485834,29.3742313033241,0.959186538828885,0.872065451882514,2016,"SNIR7IFL"
1393,1470,5757,1503,43,0.202067940907734,29.483740790984,0.908511803978491,0.853191808280722,2017,"SNIR7ZFL"
1394,804,3028,922,69,0.219202511845206,29.403851946875,0.961184667837148,0.875962226992164,2016,"SNIR7IFL"
1394,1496,5717,1528,43,0.206140114924331,29.5132763714414,0.909882064813443,0.855298340353829,2017,"SNIR7ZFL"
1395,795,3028,929,73,0.220012497135466,29.4107171967605,0.961233981869242,0.876323276738427,2016,"SNIR7IFL"
1395,1519,5679,1549,44,0.207897605308176,29.5106894457239,0.910678179434109,0.856077886112205,2017,"SNIR7ZFL"
1396,1549,5631,1581,42,0.211001761365632,29.5278081318299,0.912687430771558,0.855770342695897,2017,"SNIR7ZFL"
1397,1593,5559,1613,45,0.216235048121018,29.5493826452795,0.915907004248425,0.857479743432409,2017,"SNIR7ZFL"
1398,1614,5494,1663,49,0.222365785550554,29.5900113948685,0.917423179782298,0.857571498779463,2017,"SNIR7ZFL"
1399,1627,5468,1688,51,0.225725803519354,29.6188175519311,0.920430326150657,0.857814614280323,2017,"SNIR7ZFL"
1400,1644,5422,1723,52,0.227960253696827,29.6317512733001,0.921474892410416,0.859287469090439,2017,"SNIR7ZFL"
1401,1633,5419,1731,56,0.227851848277875,29.6907993488785,0.925812139570882,0.863246734355292,2017,"SNIR7ZFL"
1402,1535,5484,1773,54,0.233972902084413,29.717486476179,0.927899202362398,0.865862777323464,2017,"SNIR7ZFL"
1403,1478,5496,1822,55,0.238157384930143,29.7182012258586,0.929015192161574,0.868137308978801,2017,"SNIR7ZFL"
1404,1453,5493,1846,58,0.240490736082824,29.7047766005701,0.933628557196832,0.87148166514676,2017,"SNIR7ZFL"
1405,1446,5456,1876,62,0.243351741413419,29.6798642181353,0.93663845663523,0.872567392801348,2017,"SNIR7ZFL"
1406,1474,5405,1907,67,0.248521892817459,29.6603578975435,0.938122101450938,0.874247668346846,2017,"SNIR7ZFL"
1407,1484,5345,1973,65,0.257444693785705,29.6444939912449,0.939397503554765,0.876420868875649,2017,"SNIR7ZFL"
1408,1448,5357,1996,71,0.260782434106257,29.6509271749006,0.941479814583579,0.878377554959856,2017,"SNIR7ZFL"
1409,1357,4988,1897,69,0.262259735561686,29.6137709062122,0.943507416343001,0.883502375088694,2017,"SNIR7ZFL"
